{"0": 0.47159087657928467, "1": 0.47888198494911194, "2": 0.48917314410209656, "3": 0.5497260093688965, "4": 0.4429045617580414, "5": 0.4002158045768738, "6": 0.49033817648887634, "7": 0.35900264978408813, "8": 0.30672723054885864, "9": 0.48904743790626526, "10": 0.49568235874176025, "11": 0.47355276346206665, "12": 0.41374385356903076, "13": 0.35655349493026733, "14": 0.5124849677085876, "15": 0.3053897023200989, "16": 0.34557539224624634, "17": 0.41899195313453674, "18": 0.450736403465271, "19": 0.36905813217163086, "20": 0.326467901468277, "21": 0.49791932106018066, "22": 0.3837123513221741, "23": 0.5024609565734863, "24": 0.4522503912448883, "25": 0.5234922766685486, "26": 0.502822756767273, "27": 0.523887574672699, "28": 0.43473854660987854, "29": 0.45948705077171326, "30": 0.3266083002090454, "31": 0.4879610538482666, "32": 0.4407743811607361, "33": 0.5411961078643799, "34": 0.5110702514648438, "35": 0.37909263372421265, "36": 0.4971613883972168, "37": 0.42271149158477783, "38": 0.4390280842781067, "39": 0.4964870810508728, "40": 0.38149529695510864, "41": 0.4660322666168213, "42": 0.3836635947227478, "43": 0.48480212688446045, "44": 0.5237756967544556, "45": 0.46149569749832153, "46": 0.5280941724777222, "47": 0.5083218812942505, "48": 0.4344913363456726, "49": 0.5359599590301514, "50": 0.4775872528553009, "51": 0.4068733751773834, "52": 0.42831316590309143, "53": 0.48559147119522095, "54": 0.48803091049194336, "55": 0.40379413962364197, "56": 0.4966215193271637, "57": 0.5170807838439941, "58": 0.5101040601730347, "59": 0.5297750234603882, "60": 0.5002813935279846, "61": 0.531423032283783, "62": 0.490423321723938, "63": 0.47704440355300903, "64": 0.4134228825569153, "65": 0.40231236815452576, "66": 0.4449354112148285, "67": 0.47261354327201843, "68": 0.43810778856277466, "69": 0.5221056938171387, "70": 0.49021628499031067, "71": 0.5000467300415039, "72": 0.47656503319740295, "73": 0.36847418546676636, "74": 0.3914787173271179, "75": 0.4673283100128174, "76": 0.46926242113113403, "77": 0.46900099515914917, "78": 0.4884238541126251, "79": 0.5230350494384766, "80": 0.5002224445343018, "81": 0.5483188629150391, "82": 0.4761196970939636, "83": 0.5180485248565674, "84": 0.47391974925994873, "85": 0.5293982028961182, "86": 0.42645981907844543, "87": 0.4674188494682312, "88": 0.4652891755104065, "89": 0.4603599011898041, "90": 0.38383084535598755, "91": 0.5332961082458496, "92": 0.5445017218589783, "93": 0.4909294843673706, "94": 0.47954732179641724, "95": 0.49345070123672485, "96": 0.5085098743438721, "97": 0.5080106854438782, "98": 0.4332597553730011, "99": 0.5175427198410034, "100": 0.5126650929450989, "101": 0.5115920901298523, "102": 0.39554905891418457, "103": 0.491294264793396, "104": 0.5226010084152222, "105": 0.5343758463859558, "106": 0.5222034454345703, "107": 0.5519083738327026, "108": 0.5215595364570618, "109": 0.5153127908706665, "110": 0.5277458429336548, "111": 0.4652145802974701, "112": 0.5011248588562012, "113": 0.5226702690124512, "114": 0.5420218110084534, "115": 0.47433486580848694, "116": 0.446546733379364, "117": 0.3957658112049103, "118": 0.5082542300224304, "119": 0.46701663732528687, "120": 0.517906665802002, "121": 0.4700632393360138, "122": 0.5124983787536621, "123": 0.5391733646392822, "124": 0.4870193302631378, "125": 0.4299795925617218, "126": 0.4785977602005005, "127": 0.49896901845932007, "128": 0.40715429186820984, "129": 0.45724326372146606, "130": 0.5265382528305054, "131": 0.47075581550598145, "132": 0.565933108329773, "133": 0.48262709379196167, "134": 0.41068291664123535, "135": 0.5017604827880859, "136": 0.4563130736351013, "137": 0.4679756164550781, "138": 0.5429884791374207, "139": 0.501046895980835, "140": 0.46054935455322266, "141": 0.4767419099807739, "142": 0.48219287395477295, "143": 0.4840998947620392, "144": 0.40944409370422363, "145": 0.4803224205970764, "146": 0.4418386220932007, "147": 0.4931196868419647, "148": 0.48380246758461, "149": 0.4525517523288727, "150": 0.5024892091751099, "151": 0.47802671790122986, "152": 0.4378361701965332, "153": 0.4688456654548645, "154": 0.5586748719215393, "155": 0.6012925505638123, "156": 0.4466599225997925, "157": 0.5112399458885193, "158": 0.4240500032901764, "159": 0.4075443744659424, "160": 0.5077856183052063, "161": 0.5108681321144104, "162": 0.5459282398223877, "163": 0.3672499656677246, "164": 0.48963651061058044, "165": 0.49370139837265015, "166": 0.4766712188720703, "167": 0.4840466380119324, "168": 0.50447016954422, "169": 0.5977380871772766, "170": 0.5207482576370239, "171": 0.5073459148406982, "172": 0.41454654932022095, "173": 0.455803245306015, "174": 0.5393434762954712, "175": 0.5094353556632996, "176": 0.43155330419540405, "177": 0.5096074342727661, "178": 0.4804523289203644, "179": 0.47404539585113525, "180": 0.4759269058704376, "181": 0.4990881681442261, "182": 0.5488176345825195, "183": 0.49843737483024597, "184": 0.43094030022621155, "185": 0.4608409106731415, "186": 0.5755994319915771, "187": 0.5558151006698608, "188": 0.5515191555023193, "189": 0.5291124582290649, "190": 0.42922836542129517, "191": 0.48022425174713135, "192": 0.5193704962730408, "193": 0.47495535016059875, "194": 0.46212005615234375, "195": 0.5088356733322144, "196": 0.4858788847923279, "197": 0.47564876079559326, "198": 0.5239298343658447, "199": 0.46947383880615234, "200": 0.49849194288253784, "201": 0.430154025554657, "202": 0.3455023169517517, "203": 0.47890403866767883, "204": 0.45181387662887573, "205": 0.49687743186950684, "206": 0.5362699031829834, "207": 0.44192591309547424, "208": 0.4933381676673889, "209": 0.44208890199661255, "210": 0.4538196623325348, "211": 0.44371116161346436, "212": 0.5107907056808472, "213": 0.4803889989852905, "214": 0.47189635038375854, "215": 0.4459281861782074, "216": 0.538886308670044, "217": 0.4502008557319641, "218": 0.44833964109420776, "219": 0.46316590905189514, "220": 0.4683770537376404, "221": 0.48443418741226196, "222": 0.507561445236206, "223": 0.4005725681781769, "224": 0.4985229969024658, "225": 0.5140230655670166, "226": 0.46242576837539673, "227": 0.5378777980804443, "228": 0.44506585597991943, "229": 0.5071694850921631, "230": 0.41395270824432373, "231": 0.46064361929893494, "232": 0.4749305546283722, "233": 0.5170803666114807, "234": 0.5455788373947144, "235": 0.5139776468276978, "236": 0.545299232006073, "237": 0.4744432270526886, "238": 0.5003582835197449, "239": 0.5789041519165039, "240": 0.4521397352218628, "241": 0.5768020749092102, "242": 0.5083098411560059, "243": 0.5680761933326721, "244": 0.40191733837127686, "245": 0.4742642641067505, "246": 0.39888912439346313, "247": 0.48036709427833557, "248": 0.42696452140808105, "249": 0.5322882533073425, "250": 0.4697955250740051, "251": 0.4799538850784302, "252": 0.4770411550998688, "253": 0.51686692237854, "254": 0.47090423107147217, "255": 0.4579436779022217, "256": 0.5038451552391052, "257": 0.37343376874923706, "258": 0.47634655237197876, "259": 0.37558168172836304, "260": 0.5416028499603271, "261": 0.4674457013607025, "262": 0.4983066916465759, "263": 0.48322707414627075, "264": 0.542685866355896, "265": 0.4544620215892792, "266": 0.43300724029541016, "267": 0.4204789996147156, "268": 0.48277977108955383, "269": 0.4632972776889801, "270": 0.4702664017677307, "271": 0.535007119178772, "272": 0.5018140077590942, "273": 0.5082956552505493, "274": 0.49344688653945923, "275": 0.4458116888999939, "276": 0.543586015701294, "277": 0.45522141456604004, "278": 0.47736096382141113, "279": 0.37770259380340576, "280": 0.42183631658554077, "281": 0.5187302827835083, "282": 0.5483117699623108, "283": 0.42456528544425964, "284": 0.5008710622787476, "285": 0.3624562621116638, "286": 0.3723810017108917, "287": 0.3843633532524109, "288": 0.522104024887085, "289": 0.4511091113090515, "290": 0.4819556474685669, "291": 0.46321213245391846, "292": 0.45568475127220154, "293": 0.41179388761520386, "294": 0.53709876537323, "295": 0.4162324368953705, "296": 0.47814077138900757,