{"0": 0.4609043002128601, "1": 0.48348501324653625, "2": 0.5045999884605408, "3": 0.5083011388778687, "4": 0.46266746520996094, "5": 0.43366968631744385, "6": 0.5044325590133667, "7": 0.3690428137779236, "8": 0.30840352177619934, "9": 0.44635650515556335, "10": 0.4227084219455719, "11": 0.48330849409103394, "12": 0.41118019819259644, "13": 0.3545265197753906, "14": 0.509275496006012, "15": 0.3406893014907837, "16": 0.42411622405052185, "17": 0.38535940647125244, "18": 0.4857400357723236, "19": 0.3864325284957886, "20": 0.32957059144973755, "21": 0.490066796541214, "22": 0.39132261276245117, "23": 0.5008578300476074, "24": 0.4353875517845154, "25": 0.534353494644165, "26": 0.5103358626365662, "27": 0.5169466733932495, "28": 0.46723681688308716, "29": 0.47012054920196533, "30": 0.3482603132724762, "31": 0.5166838765144348, "32": 0.43794941902160645, "33": 0.558151364326477, "34": 0.4986598491668701, "35": 0.328429639339447, "36": 0.5096479058265686, "37": 0.44576045870780945, "38": 0.457987904548645, "39": 0.47082599997520447, "40": 0.39056330919265747, "41": 0.441268652677536, "42": 0.41210246086120605, "43": 0.4832758605480194, "44": 0.5795245170593262, "45": 0.42793089151382446, "46": 0.5414491891860962, "47": 0.48349568247795105, "48": 0.4523352384567261, "49": 0.5291980504989624, "50": 0.42651301622390747, "51": 0.410966694355011, "52": 0.428897887468338, "53": 0.4754915237426758, "54": 0.43829894065856934, "55": 0.4893988370895386, "56": 0.4739549458026886, "57": 0.5155125856399536, "58": 0.494620680809021, "59": 0.5081969499588013, "60": 0.5133964419364929, "61": 0.5431055426597595, "62": 0.4898183047771454, "63": 0.4760783910751343, "64": 0.45940154790878296, "65": 0.3997524082660675, "66": 0.4781942367553711, "67": 0.5089988708496094, "68": 0.46549683809280396, "69": 0.4975067377090454, "70": 0.5087594985961914, "71": 0.4864021837711334, "72": 0.4731917083263397, "73": 0.37602370977401733, "74": 0.4350197911262512, "75": 0.4719185531139374, "76": 0.4430738687515259, "77": 0.4705328345298767, "78": 0.46714723110198975, "79": 0.5198495984077454, "80": 0.41202813386917114, "81": 0.5438242554664612, "82": 0.48612022399902344, "83": 0.5239482522010803, "84": 0.4708341360092163, "85": 0.4600631594657898, "86": 0.40965336561203003, "87": 0.4605061113834381, "88": 0.4117857813835144, "89": 0.48156869411468506, "90": 0.37075328826904297, "91": 0.528033435344696, "92": 0.5189929604530334, "93": 0.4632052779197693, "94": 0.45832982659339905, "95": 0.49801093339920044, "96": 0.4862024486064911, "97": 0.4759390354156494, "98": 0.47302478551864624, "99": 0.51629638671875, "100": 0.5007413029670715, "101": 0.5066235661506653, "102": 0.37944266200065613, "103": 0.5095983743667603, "104": 0.5393818616867065, "105": 0.5224184989929199, "106": 0.520103394985199, "107": 0.5658107995986938, "108": 0.5091894865036011, "109": 0.47344955801963806, "110": 0.5241307020187378, "111": 0.540627658367157, "112": 0.5329316258430481, "113": 0.5484609603881836, "114": 0.5299756526947021, "115": 0.4410971999168396, "116": 0.5052404999732971, "117": 0.3975048065185547, "118": 0.5192124843597412, "119": 0.45938640832901, "120": 0.5034642219543457, "121": 0.4611473083496094, "122": 0.5351973176002502, "123": 0.5558267831802368, "124": 0.5138747096061707, "125": 0.4678216576576233, "126": 0.44599074125289917, "127": 0.5164374709129333, "128": 0.4841187000274658, "129": 0.461701899766922, "130": 0.5324052572250366, "131": 0.5051217675209045, "132": 0.5772977471351624, "133": 0.45948970317840576, "134": 0.4102391004562378, "135": 0.5083208680152893, "136": 0.46381327509880066, "137": 0.4835686683654785, "138": 0.4945206344127655, "139": 0.503395140171051, "140": 0.45843443274497986, "141": 0.445442259311676, "142": 0.46675145626068115, "143": 0.4806351661682129, "144": 0.37511879205703735, "145": 0.470298171043396, "146": 0.495982825756073, "147": 0.5267124772071838, "148": 0.48783743381500244, "149": 0.39275825023651123, "150": 0.49973058700561523, "151": 0.5063433051109314, "152": 0.446139931678772, "153": 0.37821394205093384, "154": 0.48209619522094727, "155": 0.6117043495178223, "156": 0.43656301498413086, "157": 0.5228987336158752, "158": 0.4387873411178589, "159": 0.42641061544418335, "160": 0.5246211290359497, "161": 0.49909305572509766, "162": 0.5054668188095093, "163": 0.42969179153442383, "164": 0.490448534488678, "165": 0.5116521120071411, "166": 0.4907294511795044, "167": 0.42768335342407227, "168": 0.5147080421447754, "169": 0.5853933095932007, "170": 0.5362366437911987, "171": 0.4878731369972229, "172": 0.4814252555370331, "173": 0.4628807604312897, "174": 0.5628679394721985, "175": 0.4985831379890442, "176": 0.47207111120224, "177": 0.5113210678100586, "178": 0.4257432222366333, "179": 0.45060253143310547, "180": 0.48849213123321533, "181": 0.481717586517334, "182": 0.48007023334503174, "183": 0.4960755705833435, "184": 0.45235833525657654, "185": 0.46431177854537964, "186": 0.615628182888031, "187": 0.5305585861206055, "188": 0.557954728603363, "189": 0.5108590126037598, "190": 0.4500165581703186, "191": 0.477963924407959, "192": 0.49691176414489746, "193": 0.49614912271499634, "194": 0.48899757862091064, "195": 0.49068206548690796, "196": 0.4940299391746521, "197": 0.5202891826629639, "198": 0.5280256271362305, "199": 0.49549680948257446, "200": 0.5106061100959778, "201": 0.4685729742050171, "202": 0.4653712511062622, "203": 0.4963032603263855, "204": 0.434830904006958, "205": 0.44780513644218445, "206": 0.48864874243736267, "207": 0.4794752895832062, "208": 0.4189177453517914, "209": 0.4730854630470276, "210": 0.4782222807407379, "211": 0.45474037528038025, "212": 0.560778021812439, "213": 0.5290263891220093, "214": 0.46679791808128357, "215": 0.44093114137649536, "216": 0.4982306957244873, "217": 0.4917846918106079, "218": 0.42476996779441833, "219": 0.4673798382282257, "220": 0.3639715015888214, "221": 0.44567522406578064, "222": 0.4722446799278259, "223": 0.4167402386665344, "224": 0.4889340400695801, "225": 0.5224148035049438, "226": 0.4833967685699463, "227": 0.4866762161254883, "228": 0.442568838596344, "229": 0.49550801515579224, "230": 0.4057891368865967, "231": 0.46994340419769287, "232": 0.4691183567047119, "233": 0.522470235824585, "234": 0.5514063239097595, "235": 0.5397623181343079, "236": 0.49565762281417847, "237": 0.47545531392097473, "238": 0.5074300765991211, "239": 0.5837185382843018, "240": 0.45575493574142456, "241": 0.5455067753791809, "242": 0.5142003297805786, "243": 0.4306151568889618, "244": 0.3885563611984253, "245": 0.4772458076477051, "246": 0.42480796575546265, "247": 0.4734358489513397, "248": 0.4237874150276184, "249": 0.42328667640686035, "250": 0.46065598726272583, "251": 0.4472086727619171, "252": 0.4660026729106903, "253": 0.4654832184314728, "254": 0.39006465673446655, "255": 0.4693436324596405, "256": 0.5114001035690308, "257": 0.4221162497997284, "258": 0.5189076662063599, "259": 0.4768044948577881, "260": 0.537024974822998, "261": 0.4513636827468872, "262": 0.5054584741592407, "263": 0.47624045610427856, "264": 0.49962806701660156, "265": 0.3984096944332123, "266": 0.44063758850097656, "267": 0.39356398582458496, "268": 0.4786123037338257, "269": 0.5191042423248291, "270": 0.45058780908584595, "271": 0.5173351764678955, "272": 0.5005848407745361, "273": 0.4490269422531128, "274": 0.49705934524536133, "275": 0.4640525281429291, "276": 0.5364425182342529, "277": 0.4517144560813904, "278": 0.5353872776031494, "279": 0.3486635684967041, "280": 0.4369964599609375, "281": 0.5126315355300903, "282": 0.5495250821113586, "283": 0.48817020654678345, "284": 0.4981082081794739, "285": 0.3430638909339905, "286": 0.3882319927215576, "287": 0.3927014470100403, "288": 0.5491343140602112, "289": 0.4778458774089813, "290": 0.5228530168533325, "291": 0.5010807514190674, "292": 0.506239652633667, "293": 0.4210702180862427, "294": 0.5428579449653625, "295": 0.3449045717716217, "296": 0.4995816648006439, "297": 0.5420504808425903,