{"0": 0.46451127529144287, "1": 0.4778243899345398, "2": 0.4840027093887329, "3": 0.550335168838501, "4": 0.44391709566116333, "5": 0.4100843667984009, "6": 0.5034229755401611, "7": 0.3561558127403259, "8": 0.3115236163139343, "9": 0.4889940917491913, "10": 0.49718397855758667, "11": 0.4740068316459656, "12": 0.41789939999580383, "13": 0.3628830909729004, "14": 0.5206762552261353, "15": 0.30655553936958313, "16": 0.3530866801738739, "17": 0.4047044515609741, "18": 0.4371660351753235, "19": 0.3674650490283966, "20": 0.31533220410346985, "21": 0.4850890636444092, "22": 0.3805583119392395, "23": 0.5043045282363892, "24": 0.4464670419692993, "25": 0.5245438814163208, "26": 0.506071925163269, "27": 0.5313853025436401, "28": 0.4563399851322174, "29": 0.460857093334198, "30": 0.33110660314559937, "31": 0.4890495538711548, "32": 0.4449969530105591, "33": 0.5433498024940491, "34": 0.5046552419662476, "35": 0.38155055046081543, "36": 0.4956328570842743, "37": 0.42134368419647217, "38": 0.4407139718532562, "39": 0.4937702417373657, "40": 0.3764888048171997, "41": 0.46036410331726074, "42": 0.38420218229293823, "43": 0.48243504762649536, "44": 0.5208600163459778, "45": 0.4678789973258972, "46": 0.5304487943649292, "47": 0.5072505474090576, "48": 0.42310670018196106, "49": 0.5204192996025085, "50": 0.4747300148010254, "51": 0.3998582363128662, "52": 0.4311327040195465, "53": 0.4803897440433502, "54": 0.48414334654808044, "55": 0.42761439085006714, "56": 0.4818783402442932, "57": 0.5123956203460693, "58": 0.5051014423370361, "59": 0.5289480686187744, "60": 0.4997473359107971, "61": 0.5336486101150513, "62": 0.49279114603996277, "63": 0.4732104241847992, "64": 0.4110803008079529, "65": 0.4009993076324463, "66": 0.45312923192977905, "67": 0.46530336141586304, "68": 0.4406611919403076, "69": 0.5073832869529724, "70": 0.49841707944869995, "71": 0.5110102295875549, "72": 0.4702913761138916, "73": 0.3673247694969177, "74": 0.3883374333381653, "75": 0.45182132720947266, "76": 0.47500890493392944, "77": 0.46664246916770935, "78": 0.4846104383468628, "79": 0.5244027376174927, "80": 0.5005362033843994, "81": 0.550539493560791, "82": 0.47617822885513306, "83": 0.5290175080299377, "84": 0.4665486812591553, "85": 0.5364720821380615, "86": 0.429241418838501, "87": 0.46751725673675537, "88": 0.457295298576355, "89": 0.45153748989105225, "90": 0.3808584213256836, "91": 0.5370118618011475, "92": 0.5397586822509766, "93": 0.48907846212387085, "94": 0.4817928075790405, "95": 0.49384552240371704, "96": 0.5051900744438171, "97": 0.5049871206283569, "98": 0.4154660701751709, "99": 0.5180617570877075, "100": 0.5091015100479126, "101": 0.5134001970291138, "102": 0.3862074613571167, "103": 0.49262139201164246, "104": 0.5369402170181274, "105": 0.5355459451675415, "106": 0.5174117088317871, "107": 0.56686931848526, "108": 0.521675705909729, "109": 0.5215990543365479, "110": 0.5168924331665039, "111": 0.4790269434452057, "112": 0.4943961501121521, "113": 0.5447441935539246, "114": 0.5378917455673218, "115": 0.4669206142425537, "116": 0.43480369448661804, "117": 0.39067137241363525, "118": 0.5138407349586487, "119": 0.46527621150016785, "120": 0.5193129777908325, "121": 0.4700421094894409, "122": 0.5096982717514038, "123": 0.5475815534591675, "124": 0.5036121606826782, "125": 0.421935111284256, "126": 0.47454583644866943, "127": 0.5036107897758484, "128": 0.4139265716075897, "129": 0.46407970786094666, "130": 0.525650143623352, "131": 0.4809396266937256, "132": 0.5703526735305786, "133": 0.48490214347839355, "134": 0.41515469551086426, "135": 0.512819766998291, "136": 0.4504293203353882, "137": 0.4752594828605652, "138": 0.5476348996162415, "139": 0.5122528672218323, "140": 0.4551621377468109, "141": 0.4645307958126068, "142": 0.4870619773864746, "143": 0.46924835443496704, "144": 0.40666455030441284, "145": 0.4900088310241699, "146": 0.43548688292503357, "147": 0.493604838848114, "148": 0.45910170674324036, "149": 0.4431619644165039, "150": 0.49851852655410767, "151": 0.47368156909942627, "152": 0.4442872107028961, "153": 0.48561108112335205, "154": 0.5659781694412231, "155": 0.5949910283088684, "156": 0.45305347442626953, "157": 0.5120172500610352, "158": 0.427736759185791, "159": 0.4058665633201599, "160": 0.5176092386245728, "161": 0.5096635818481445, "162": 0.5459945201873779, "163": 0.3742217421531677, "164": 0.48386234045028687, "165": 0.48932385444641113, "166": 0.47703802585601807, "167": 0.47211191058158875, "168": 0.5113359689712524, "169": 0.5988552570343018, "170": 0.5182343125343323, "171": 0.5149856209754944, "172": 0.41824567317962646, "173": 0.4536594748497009, "174": 0.5371084809303284, "175": 0.5097716450691223, "176": 0.440049946308136, "177": 0.5101244449615479, "178": 0.48542627692222595, "179": 0.47901350259780884, "180": 0.4744192361831665, "181": 0.49964049458503723, "182": 0.5520889163017273, "183": 0.49452653527259827, "184": 0.43113189935684204, "185": 0.4607800841331482, "186": 0.5834250450134277, "187": 0.5560060143470764, "188": 0.5452601313591003, "189": 0.5363706350326538, "190": 0.4372992515563965, "191": 0.4891864061355591, "192": 0.5175057053565979, "193": 0.47349950671195984, "194": 0.4233577251434326, "195": 0.5066274404525757, "196": 0.49183809757232666, "197": 0.4703661799430847, "198": 0.525973916053772, "199": 0.4483538568019867, "200": 0.5024218559265137, "201": 0.4294614791870117, "202": 0.3458091616630554, "203": 0.4810389280319214, "204": 0.4509372413158417, "205": 0.49089258909225464, "206": 0.5354114770889282, "207": 0.44680485129356384, "208": 0.49975964426994324, "209": 0.43703025579452515, "210": 0.4492981433868408, "211": 0.4548969268798828, "212": 0.5137490034103394, "213": 0.47593027353286743, "214": 0.46964704990386963, "215": 0.4415428936481476, "216": 0.519075870513916, "217": 0.4964103102684021, "218": 0.4510834217071533, "219": 0.4704393744468689, "220": 0.48853766918182373, "221": 0.4856003522872925, "222": 0.5132347345352173, "223": 0.4097193777561188, "224": 0.4972154200077057, "225": 0.5083585977554321, "226": 0.46461397409439087, "227": 0.5274717807769775, "228": 0.44477155804634094, "229": 0.49323421716690063, "230": 0.41094332933425903, "231": 0.4617268443107605, "232": 0.47382232546806335, "233": 0.5229617357254028, "234": 0.5466558337211609, "235": 0.5078511238098145, "236": 0.5313735008239746, "237": 0.4815191328525543, "238": 0.500582218170166, "239": 0.5732137560844421, "240": 0.4430750906467438, "241": 0.5767093300819397, "242": 0.5046883821487427, "243": 0.560297966003418, "244": 0.4079543948173523, "245": 0.4778151214122772, "246": 0.39772868156433105, "247": 0.4780440330505371, "248": 0.4294210374355316, "249": 0.541166365146637, "250": 0.46820029616355896, "251": 0.4690125286579132, "252": 0.48126351833343506, "253": 0.4939112067222595, "254": 0.4677121043205261, "255": 0.46624433994293213, "256": 0.5039904713630676, "257": 0.3627634644508362, "258": 0.48825329542160034, "259": 0.3720318377017975, "260": 0.5163149833679199, "261": 0.4513653516769409, "262": 0.4936702251434326, "263": 0.48136430978775024, "264": 0.5405195355415344, "265": 0.4385983347892761, "266": 0.4381249248981476, "267": 0.4253942370414734, "268": 0.4818902313709259, "269": 0.47413837909698486, "270": 0.4762655794620514, "271": 0.5360254049301147, "272": 0.5068649649620056, "273": 0.5066173076629639, "274": 0.4841488301753998, "275": 0.4105300009250641, "276": 0.531530499458313, "277": 0.4521277844905853, "278": 0.4743497967720032, "279": 0.37373125553131104, "280": 0.4225907027721405, "281": 0.5279632806777954, "282": 0.5384043455123901, "283": 0.40580517053604126, "284": 0.5044867992401123, "285": 0.36763226985931396, "286": 0.36309850215911865, "287": 0.39233309030532837, "288": 0.5135715007781982, "289": 0.4512980282306671, "290": 0.47447139024734497, "291": 0.46408990025520325, "292": 0.4597328305244446, "293": 0.4205644428730011, "294": 0.5306935906410217, "295": 0.419155478477478, "296": 0.4942778944969177, "297": 0.5098001956939697,