{"0": 0.4757935404777527, "1": 0.4865274727344513, "2": 0.46949097514152527, "3": 0.4435386657714844, "4": 0.4620474874973297, "5": 0.34964919090270996, "6": 0.3844587206840515, "7": 0.3410766124725342, "8": 0.3618052005767822, "9": 0.49192336201667786, "10": 0.41205087304115295, "11": 0.46500346064567566, "12": 0.35062694549560547, "13": 0.34934067726135254, "14": 0.5097815990447998, "15": 0.278397798538208, "16": 0.33824795484542847, "17": 0.3291980028152466, "18": 0.48340705037117004, "19": 0.35386165976524353, "20": 0.29817700386047363, "21": 0.47969335317611694, "22": 0.4617823362350464, "23": 0.48617732524871826, "24": 0.4562278389930725, "25": 0.5271186828613281, "26": 0.5172517895698547, "27": 0.510719895362854, "28": 0.39539635181427, "29": 0.43763378262519836, "30": 0.31287622451782227, "31": 0.4259672164916992, "32": 0.39683330059051514, "33": 0.4470852315425873, "34": 0.5003742575645447, "35": 0.3820161521434784, "36": 0.4482229948043823, "37": 0.42435190081596375, "38": 0.4357757568359375, "39": 0.46436822414398193, "40": 0.3521232008934021, "41": 0.483008474111557, "42": 0.39774954319000244, "43": 0.48196151852607727, "44": 0.5660022497177124, "45": 0.453864187002182, "46": 0.50919508934021, "47": 0.49975985288619995, "48": 0.42261046171188354, "49": 0.49530380964279175, "50": 0.4410712420940399, "51": 0.40457403659820557, "52": 0.40324488282203674, "53": 0.5065296292304993, "54": 0.37080296874046326, "55": 0.4519845247268677, "56": 0.454895555973053, "57": 0.39844340085983276, "58": 0.49522560834884644, "59": 0.5356033444404602, "60": 0.47978848218917847, "61": 0.5138230919837952, "62": 0.5015387535095215, "63": 0.459901362657547, "64": 0.44071292877197266, "65": 0.3546568751335144, "66": 0.3821677565574646, "67": 0.48966220021247864, "68": 0.4163772165775299, "69": 0.47583866119384766, "70": 0.5446255207061768, "71": 0.5411832928657532, "72": 0.4441996216773987, "73": 0.38849180936813354, "74": 0.35317742824554443, "75": 0.4777580499649048, "76": 0.46502256393432617, "77": 0.4521179795265198, "78": 0.4662369191646576, "79": 0.520805835723877, "80": 0.49266302585601807, "81": 0.5497485399246216, "82": 0.4902925491333008, "83": 0.4964296221733093, "84": 0.4756541848182678, "85": 0.48552054166793823, "86": 0.4020191729068756, "87": 0.4895605444908142, "88": 0.4332866072654724, "89": 0.4530079960823059, "90": 0.33571916818618774, "91": 0.48735982179641724, "92": 0.5653477907180786, "93": 0.4733988046646118, "94": 0.49691686034202576, "95": 0.4858883023262024, "96": 0.4776510000228882, "97": 0.49182963371276855, "98": 0.4161171615123749, "99": 0.49180179834365845, "100": 0.5254898071289062, "101": 0.4799295663833618, "102": 0.3839882016181946, "103": 0.49913305044174194, "104": 0.49577462673187256, "105": 0.5084882378578186, "106": 0.4998399615287781, "107": 0.5179208517074585, "108": 0.5210884809494019, "109": 0.49436622858047485, "110": 0.5477011799812317, "111": 0.4785151779651642, "112": 0.5196854472160339, "113": 0.5406711101531982, "114": 0.5330227613449097, "115": 0.5067310929298401, "116": 0.42231327295303345, "117": 0.36915212869644165, "118": 0.4619297683238983, "119": 0.4491833448410034, "120": 0.38884416222572327, "121": 0.4516662657260895, "122": 0.49484068155288696, "123": 0.5596956014633179, "124": 0.4676857590675354, "125": 0.45086371898651123, "126": 0.4223151206970215, "127": 0.5185879468917847, "128": 0.3736498951911926, "129": 0.47586092352867126, "130": 0.42771008610725403, "131": 0.4959079623222351, "132": 0.5711944699287415, "133": 0.4537007212638855, "134": 0.4200236201286316, "135": 0.5076229572296143, "136": 0.40234625339508057, "137": 0.4760171175003052, "138": 0.5452007055282593, "139": 0.44474560022354126, "140": 0.4407273232936859, "141": 0.49323374032974243, "142": 0.46519342064857483, "143": 0.36418503522872925, "144": 0.40508490800857544, "145": 0.5328441858291626, "146": 0.43811988830566406, "147": 0.4714541435241699, "148": 0.48908892273902893, "149": 0.4008638858795166, "150": 0.4802376925945282, "151": 0.4871685802936554, "152": 0.4294241964817047, "153": 0.3454754650592804, "154": 0.37968140840530396, "155": 0.5655867457389832, "156": 0.46533918380737305, "157": 0.5203995704650879, "158": 0.43076395988464355, "159": 0.3902885317802429, "160": 0.5288226008415222, "161": 0.37442854046821594, "162": 0.5360428094863892, "163": 0.3584541380405426, "164": 0.4462033212184906, "165": 0.4323117733001709, "166": 0.4277830123901367, "167": 0.41135942935943604, "168": 0.4637609124183655, "169": 0.5362927913665771, "170": 0.47096914052963257, "171": 0.46175670623779297, "172": 0.43193602561950684, "173": 0.4370917081832886, "174": 0.5543053150177002, "175": 0.49666452407836914, "176": 0.4490751624107361, "177": 0.4661213159561157, "178": 0.3470137119293213, "179": 0.459975004196167, "180": 0.49174392223358154, "181": 0.4822477102279663, "182": 0.48948946595191956, "183": 0.5168269276618958, "184": 0.42600587010383606, "185": 0.45832595229148865, "186": 0.5726475119590759, "187": 0.5453119277954102, "188": 0.5417270064353943, "189": 0.5148288011550903, "190": 0.4335750937461853, "191": 0.526170015335083, "192": 0.506379246711731, "193": 0.4822571277618408, "194": 0.5040468573570251, "195": 0.4925629496574402, "196": 0.4516318142414093, "197": 0.5167363286018372, "198": 0.5475200414657593, "199": 0.5176911354064941, "200": 0.5191347599029541, "201": 0.436944842338562, "202": 0.30705100297927856, "203": 0.4594841003417969, "204": 0.4231616258621216, "205": 0.44348204135894775, "206": 0.41756394505500793, "207": 0.35223162174224854, "208": 0.3818848133087158, "209": 0.45164066553115845, "210": 0.41745737195014954, "211": 0.4154078960418701, "212": 0.542926549911499, "213": 0.5060925483703613, "214": 0.4865238070487976, "215": 0.4251922070980072, "216": 0.4142932593822479, "217": 0.3426184356212616, "218": 0.4208374619483948, "219": 0.4220830798149109, "220": 0.42683839797973633, "221": 0.4874217212200165, "222": 0.4776524007320404, "223": 0.41929614543914795, "224": 0.5111269354820251, "225": 0.49652644991874695, "226": 0.4600699841976166, "227": 0.4697049558162689, "228": 0.4256678521633148, "229": 0.4505363702774048, "230": 0.3948601484298706, "231": 0.5470300316810608, "232": 0.45577460527420044, "233": 0.517227053642273, "234": 0.49023932218551636, "235": 0.4761914610862732, "236": 0.519345760345459, "237": 0.4716476500034332, "238": 0.520451009273529, "239": 0.5865299701690674, "240": 0.4612386226654053, "241": 0.5401889085769653, "242": 0.48034679889678955, "243": 0.5140253901481628, "244": 0.40977972745895386, "245": 0.47303134202957153, "246": 0.36125117540359497, "247": 0.42739391326904297, "248": 0.45786815881729126, "249": 0.5395094156265259, "250": 0.4634830951690674, "251": 0.4442446231842041, "252": 0.4388314485549927, "253": 0.49990952014923096, "254": 0.3916262686252594, "255": 0.39228835701942444, "256": 0.521133303642273, "257": 0.40466105937957764, "258": 0.3193008601665497, "259": 0.4546108841896057, "260": 0.5473593473434448, "261": 0.4315147399902344, "262": 0.4872204065322876, "263": 0.48268958926200867, "264": 0.4997895061969757, "265": 0.3811914324760437, "266": 0.47101032733917236, "267": 0.42091116309165955, "268": 0.3649038076400757, "269": 0.512689471244812, "270": 0.4792828857898712, "271": 0.46129629015922546, "272": 0.45947858691215515, "273": 0.4435783624649048, "274": 0.4168931841850281, "275": 0.3944353759288788, "276": 0.4683740437030792, "277": 0.47431284189224243, "278": 0.5076006054878235, "279": 0.39907407760620117, "280": 0.3985338807106018, "281": 0.5168811082839966, "282": 0.46227967739105225, "283": 0.4401475787162781, "284": 0.46163272857666016, "285": 0.28873109817504883, "286": 0.3897916078567505, "287": 0.33340635895729065, "288": 0.4630047678947449, "289": 0.48198336362838745, "290": 0.4378761053085327, "291": 0.45743054151535034, "292": 0.48770028352737427, "293": 0.26002010703086853, "294": 0.48337551951408386, "295": 0.3344232439994812, "296": 0.49772295355796814,