{"0": 0.46645110845565796, "1": 0.4845248758792877, "2": 0.5064315795898438, "3": 0.5139156579971313, "4": 0.4621898829936981, "5": 0.45116549730300903, "6": 0.5104187726974487, "7": 0.36872124671936035, "8": 0.30707454681396484, "9": 0.44392919540405273, "10": 0.420626699924469, "11": 0.4870264530181885, "12": 0.4147973954677582, "13": 0.35164201259613037, "14": 0.5092482566833496, "15": 0.338189035654068, "16": 0.3969874978065491, "17": 0.3695608973503113, "18": 0.4868488311767578, "19": 0.39078736305236816, "20": 0.32935428619384766, "21": 0.49639564752578735, "22": 0.39327383041381836, "23": 0.4997413158416748, "24": 0.43590080738067627, "25": 0.5195953845977783, "26": 0.5106359720230103, "27": 0.5157130360603333, "28": 0.48634469509124756, "29": 0.4734829068183899, "30": 0.34762507677078247, "31": 0.521239161491394, "32": 0.4321475028991699, "33": 0.5420352816581726, "34": 0.49593740701675415, "35": 0.3377853333950043, "36": 0.5087963938713074, "37": 0.44064778089523315, "38": 0.45792868733406067, "39": 0.4696579575538635, "40": 0.3899930715560913, "41": 0.4620897173881531, "42": 0.4074710011482239, "43": 0.48431751132011414, "44": 0.5797983407974243, "45": 0.4823065996170044, "46": 0.5437608957290649, "47": 0.49076443910598755, "48": 0.45052844285964966, "49": 0.5132073760032654, "50": 0.44367319345474243, "51": 0.42899560928344727, "52": 0.42756909132003784, "53": 0.4745597839355469, "54": 0.4411786198616028, "55": 0.48970985412597656, "56": 0.4724620580673218, "57": 0.511741042137146, "58": 0.48543885350227356, "59": 0.5085651874542236, "60": 0.5111841559410095, "61": 0.5430268049240112, "62": 0.4909832179546356, "63": 0.47692781686782837, "64": 0.4656495451927185, "65": 0.40292447805404663, "66": 0.48380953073501587, "67": 0.5148069858551025, "68": 0.46085119247436523, "69": 0.5033061504364014, "70": 0.5124325752258301, "71": 0.48909345269203186, "72": 0.4691295921802521, "73": 0.37590473890304565, "74": 0.4225044250488281, "75": 0.46326133608818054, "76": 0.4420470595359802, "77": 0.5008239150047302, "78": 0.4666486978530884, "79": 0.5191465616226196, "80": 0.41304004192352295, "81": 0.5464270710945129, "82": 0.4818548560142517, "83": 0.5242872834205627, "84": 0.47321319580078125, "85": 0.4622739851474762, "86": 0.42812931537628174, "87": 0.4603954255580902, "88": 0.41125017404556274, "89": 0.4844857156276703, "90": 0.3625195324420929, "91": 0.5264728665351868, "92": 0.5367788076400757, "93": 0.4729223847389221, "94": 0.4562718868255615, "95": 0.4979953467845917, "96": 0.4840942621231079, "97": 0.4774935245513916, "98": 0.4759884476661682, "99": 0.5130822658538818, "100": 0.5047584772109985, "101": 0.519301176071167, "102": 0.37861084938049316, "103": 0.5039382576942444, "104": 0.5378237366676331, "105": 0.5212327837944031, "106": 0.5279673933982849, "107": 0.5586280822753906, "108": 0.5117858052253723, "109": 0.4864778518676758, "110": 0.5035814046859741, "111": 0.5308504104614258, "112": 0.5300129652023315, "113": 0.5462997555732727, "114": 0.5258229374885559, "115": 0.4910920560359955, "116": 0.49049121141433716, "117": 0.40015023946762085, "118": 0.5172233581542969, "119": 0.4594258666038513, "120": 0.49380403757095337, "121": 0.4609108567237854, "122": 0.5356594324111938, "123": 0.5620369911193848, "124": 0.5093691945075989, "125": 0.46547731757164, "126": 0.4376387596130371, "127": 0.5162382125854492, "128": 0.490131676197052, "129": 0.45222076773643494, "130": 0.5309814214706421, "131": 0.4986117482185364, "132": 0.5764782428741455, "133": 0.4538802206516266, "134": 0.41540324687957764, "135": 0.5188690423965454, "136": 0.442251056432724, "137": 0.49462658166885376, "138": 0.5048521757125854, "139": 0.5059467554092407, "140": 0.46224045753479004, "141": 0.448165625333786, "142": 0.4687151610851288, "143": 0.46614521741867065, "144": 0.407976359128952, "145": 0.4737691879272461, "146": 0.48197782039642334, "147": 0.5283151268959045, "148": 0.47322410345077515, "149": 0.3930870294570923, "150": 0.5014218091964722, "151": 0.5268185138702393, "152": 0.4572364389896393, "153": 0.4047529101371765, "154": 0.4713244140148163, "155": 0.5836250185966492, "156": 0.43826431035995483, "157": 0.5277361869812012, "158": 0.45565736293792725, "159": 0.42705482244491577, "160": 0.5287836790084839, "161": 0.4995619058609009, "162": 0.5026881098747253, "163": 0.4301745295524597, "164": 0.4887019395828247, "165": 0.48729386925697327, "166": 0.476691871881485, "167": 0.4583652913570404, "168": 0.5185725688934326, "169": 0.5828841328620911, "170": 0.541496753692627, "171": 0.4818013608455658, "172": 0.44876012206077576, "173": 0.4674002528190613, "174": 0.5558706521987915, "175": 0.4919254183769226, "176": 0.47245097160339355, "177": 0.5117210745811462, "178": 0.45942676067352295, "179": 0.4526311755180359, "180": 0.4859289824962616, "181": 0.48142901062965393, "182": 0.47407981753349304, "183": 0.4978399872779846, "184": 0.4545244872570038, "185": 0.49497491121292114, "186": 0.6164497137069702, "187": 0.5318860411643982, "188": 0.5546621680259705, "189": 0.5159730315208435, "190": 0.4378933310508728, "191": 0.48682165145874023, "192": 0.49894434213638306, "193": 0.5026602149009705, "194": 0.48063331842422485, "195": 0.4880894124507904, "196": 0.5065618753433228, "197": 0.5203445553779602, "198": 0.5160717368125916, "199": 0.49630141258239746, "200": 0.5031834244728088, "201": 0.4692082107067108, "202": 0.33179575204849243, "203": 0.48072943091392517, "204": 0.42524540424346924, "205": 0.43447256088256836, "206": 0.4990971088409424, "207": 0.5034652352333069, "208": 0.4196988344192505, "209": 0.4776441752910614, "210": 0.5389152765274048, "211": 0.44915756583213806, "212": 0.5379692316055298, "213": 0.5153624415397644, "214": 0.47069650888442993, "215": 0.4109717905521393, "216": 0.5084754228591919, "217": 0.493792861700058, "218": 0.4172723889350891, "219": 0.4685375392436981, "220": 0.4513511061668396, "221": 0.47602880001068115, "222": 0.49461984634399414, "223": 0.4211723804473877, "224": 0.48617660999298096, "225": 0.5109301209449768, "226": 0.48433202505111694, "227": 0.47694677114486694, "228": 0.44419553875923157, "229": 0.4954691231250763, "230": 0.39915335178375244, "231": 0.4604965150356293, "232": 0.46275824308395386, "233": 0.5227302312850952, "234": 0.5493485331535339, "235": 0.5415361523628235, "236": 0.5166114568710327, "237": 0.48013603687286377, "238": 0.5083798170089722, "239": 0.5847800374031067, "240": 0.45125749707221985, "241": 0.5517065525054932, "242": 0.5090725421905518, "243": 0.44043710827827454, "244": 0.39199864864349365, "245": 0.4762795567512512, "246": 0.4171093702316284, "247": 0.47013208270072937, "248": 0.42039239406585693, "249": 0.4398098587989807, "250": 0.4691231846809387, "251": 0.4573010802268982, "252": 0.4686780273914337, "253": 0.4644322991371155, "254": 0.40352877974510193, "255": 0.4689963757991791, "256": 0.5174189805984497, "257": 0.4268121123313904, "258": 0.5234397649765015, "259": 0.4653639793395996, "260": 0.5521862506866455, "261": 0.448123037815094, "262": 0.5040353536605835, "263": 0.4747072458267212, "264": 0.5190995931625366, "265": 0.433083713054657, "266": 0.4471854865550995, "267": 0.3932315409183502, "268": 0.48183387517929077, "269": 0.5159388780593872, "270": 0.45412588119506836, "271": 0.5233118534088135, "272": 0.5022504329681396, "273": 0.4577639698982239, "274": 0.49128684401512146, "275": 0.46110838651657104, "276": 0.517292857170105, "277": 0.4500569999217987, "278": 0.5331550240516663, "279": 0.3713073432445526, "280": 0.4331357479095459, "281": 0.5150724649429321, "282": 0.5384567975997925, "283": 0.47101324796676636, "284": 0.5086264610290527, "285": 0.3550764322280884, "286": 0.39160430431365967, "287": 0.39629417657852173, "288": 0.5248063802719116, "289": 0.47808051109313965, "290": 0.5115323662757874, "291": 0.49995896220207214, "292": 0.49715548753738403, "293": 0.4046318531036377, "294": 0.5429128408432007, "295": 0.37742501497268677, "296": 0.49790191650390625,