{"0": 0.31332021951675415, "1": 0.28209781646728516, "2": 0.23974816501140594, "3": 0.30572575330734253, "4": 0.2934657037258148, "5": 0.28318482637405396, "6": 0.30075758695602417, "7": 0.2794126868247986, "8": 0.24042659997940063, "9": 0.30831992626190186, "10": 0.3260315954685211, "11": 0.2973950207233429, "12": 0.2969697415828705, "13": 0.2669770121574402, "14": 0.33199208974838257, "15": 0.23556475341320038, "16": 0.2662431001663208, "17": 0.27032676339149475, "18": 0.3009070158004761, "19": 0.234946146607399, "20": 0.2271653711795807, "21": 0.2727397382259369, "22": 0.27190184593200684, "23": 0.2957702577114105, "24": 0.27467381954193115, "25": 0.2717075049877167, "26": 0.3223629593849182, "27": 0.34459590911865234, "28": 0.2864224314689636, "29": 0.2808528244495392, "30": 0.2805324196815491, "31": 0.3025159537792206, "32": 0.2946469783782959, "33": 0.3513740003108978, "34": 0.32540568709373474, "35": 0.28388798236846924, "36": 0.29280686378479004, "37": 0.2688318192958832, "38": 0.27850547432899475, "39": 0.295352965593338, "40": 0.26317307353019714, "41": 0.28129681944847107, "42": 0.26011189818382263, "43": 0.2920488715171814, "44": 0.31051215529441833, "45": 0.28771719336509705, "46": 0.2751752436161041, "47": 0.3032377362251282, "48": 0.277419775724411, "49": 0.35432180762290955, "50": 0.3462083041667938, "51": 0.25185221433639526, "52": 0.27254581451416016, "53": 0.29034164547920227, "54": 0.3180469274520874, "55": 0.30202457308769226, "56": 0.30985724925994873, "57": 0.3121533691883087, "58": 0.3456549048423767, "59": 0.36822429299354553, "60": 0.2860024869441986, "61": 0.32146432995796204, "62": 0.3519650101661682, "63": 0.2868165969848633, "64": 0.318286269903183, "65": 0.24117635190486908, "66": 0.29162973165512085, "67": 0.3227235972881317, "68": 0.31085893511772156, "69": 0.2750835716724396, "70": 0.34865182638168335, "71": 0.3547419011592865, "72": 0.3412543535232544, "73": 0.24944035708904266, "74": 0.31117507815361023, "75": 0.32045042514801025, "76": 0.2892899513244629, "77": 0.3361383378505707, "78": 0.3591381907463074, "79": 0.28510582447052, "80": 0.28231674432754517, "81": 0.357318639755249, "82": 0.3441062271595001, "83": 0.32496944069862366, "84": 0.3223159611225128, "85": 0.2613888382911682, "86": 0.25791454315185547, "87": 0.32279151678085327, "88": 0.3056737184524536, "89": 0.313169926404953, "90": 0.27343517541885376, "91": 0.3049285411834717, "92": 0.35790109634399414, "93": 0.31739988923072815, "94": 0.3120100796222687, "95": 0.2750881016254425, "96": 0.29214581847190857, "97": 0.2830946147441864, "98": 0.30978500843048096, "99": 0.24955222010612488, "100": 0.30084139108657837, "101": 0.2804965078830719, "102": 0.25694510340690613, "103": 0.30342212319374084, "104": 0.3342113494873047, "105": 0.31506216526031494, "106": 0.3241797685623169, "107": 0.3594227135181427, "108": 0.31097689270973206, "109": 0.2719629108905792, "110": 0.3145524263381958, "111": 0.2861363887786865, "112": 0.307665079832077, "113": 0.33080077171325684, "114": 0.3899489641189575, "115": 0.28194889426231384, "116": 0.33019566535949707, "117": 0.3072637915611267, "118": 0.31890687346458435, "119": 0.31437820196151733, "120": 0.3195006549358368, "121": 0.2930942177772522, "122": 0.3074394166469574, "123": 0.32519853115081787, "124": 0.3281804025173187, "125": 0.29712626338005066, "126": 0.3120601773262024, "127": 0.34619858860969543, "128": 0.2569848895072937, "129": 0.3008214831352234, "130": 0.3462022840976715, "131": 0.2820207476615906, "132": 0.3277372419834137, "133": 0.2726479768753052, "134": 0.31802189350128174, "135": 0.2881467044353485, "136": 0.2584344446659088, "137": 0.29196611046791077, "138": 0.36368846893310547, "139": 0.30816662311553955, "140": 0.31134986877441406, "141": 0.2904954254627228, "142": 0.32451319694519043, "143": 0.2595774233341217, "144": 0.27693894505500793, "145": 0.32062408328056335, "146": 0.2952287793159485, "147": 0.31851908564567566, "148": 0.30208244919776917, "149": 0.3351343870162964, "150": 0.34670260548591614, "151": 0.3217516243457794, "152": 0.3217141330242157, "153": 0.3202277421951294, "154": 0.345371812582016, "155": 0.3278213441371918, "156": 0.3391577899456024, "157": 0.3423624038696289, "158": 0.2692583203315735, "159": 0.3303329646587372, "160": 0.34507128596305847, "161": 0.3120429217815399, "162": 0.3330465853214264, "163": 0.28204429149627686, "164": 0.3004360795021057, "165": 0.3155919015407562, "166": 0.3390496075153351, "167": 0.31707310676574707, "168": 0.34262633323669434, "169": 0.311409592628479, "170": 0.28455257415771484, "171": 0.32942548394203186, "172": 0.29670336842536926, "173": 0.3060353994369507, "174": 0.31541547179222107, "175": 0.3436363637447357, "176": 0.29964548349380493, "177": 0.32628071308135986, "178": 0.291763573884964, "179": 0.25989648699760437, "180": 0.32278308272361755, "181": 0.31529298424720764, "182": 0.386208713054657, "183": 0.3067582845687866, "184": 0.28449705243110657, "185": 0.3477875292301178, "186": 0.3732006847858429, "187": 0.36445894837379456, "188": 0.30506110191345215, "189": 0.31633487343788147, "190": 0.3037698268890381, "191": 0.3118404150009155, "192": 0.31529995799064636, "193": 0.29582861065864563, "194": 0.3006642460823059, "195": 0.3240535259246826, "196": 0.33225929737091064, "197": 0.31914785504341125, "198": 0.3191595673561096, "199": 0.28786489367485046, "200": 0.34824636578559875, "201": 0.31256160140037537, "202": 0.28202924132347107, "203": 0.36184296011924744, "204": 0.3333161771297455, "205": 0.3048977553844452, "206": 0.3623080551624298, "207": 0.31454306840896606, "208": 0.30897632241249084, "209": 0.22344538569450378, "210": 0.33045101165771484, "211": 0.3734405040740967, "212": 0.3156077563762665, "213": 0.3003769814968109, "214": 0.31746479868888855, "215": 0.2646116316318512, "216": 0.3334795832633972, "217": 0.33827272057533264, "218": 0.3151034116744995, "219": 0.31850191950798035, "220": 0.34024012088775635, "221": 0.2897583842277527, "222": 0.30393609404563904, "223": 0.31105315685272217, "224": 0.31471681594848633, "225": 0.3181792199611664, "226": 0.3031325340270996, "227": 0.3259703516960144, "228": 0.3300851583480835, "229": 0.3086825907230377, "230": 0.2927824854850769, "231": 0.2942028045654297, "232": 0.34417203068733215, "233": 0.2934371829032898, "234": 0.2882113754749298, "235": 0.29666435718536377, "236": 0.3215392231941223, "237": 0.2705141603946686, "238": 0.31808972358703613, "239": 0.3627300560474396, "240": 0.3233671188354492, "241": 0.3308762013912201, "242": 0.31253954768180847, "243": 0.35957223176956177, "244": 0.30068010091781616, "245": 0.2902955710887909, "246": 0.26866307854652405, "247": 0.26944372057914734, "248": 0.3056727349758148, "249": 0.3344188928604126, "250": 0.2826060652732849, "251": 0.31663402915000916, "252": 0.30807146430015564, "253": 0.3185722529888153, "254": 0.3684355616569519, "255": 0.30321142077445984, "256": 0.31245654821395874, "257": 0.309075266122818, "258": 0.30224552750587463, "259": 0.2975819408893585, "260": 0.2841174006462097, "261": 0.3169056475162506, "262": 0.30842965841293335, "263": 0.2999722957611084, "264": 0.33352187275886536, "265": 0.28610968589782715, "266": 0.28677934408187866, "267": 0.29146984219551086, "268": 0.31005018949508667, "269": 0.3520295321941376, "270": 0.3100140690803528, "271": 0.3355662524700165, "272": 0.33521342277526855, "273": 0.32544347643852234, "274": 0.2837486267089844, "275": 0.2862340211868286, "276": 0.32373133301734924, "277": 0.2668437063694, "278": 0.3022635579109192, "279": 0.29188084602355957, "280": 0.32940036058425903, "281": 0.31462329626083374, "282": 0.2996094822883606, "283": 0.27168360352516174, "284": 0.3309570252895355, "285": 0.28087884187698364, "286": 0.264971524477005, "287": 0.27981171011924744, "288": 0.2922174334526062, "289": 0.27904823422431946, "290": 0.30102741718292236, "291": 0.3127347528934479, "292": 0.2897222638130188, "293": 0.2656736671924591, "294": 0.34150412678718567,