{"0": 0.3041994869709015, "1": 0.2895389795303345, "2": 0.24408788979053497, "3": 0.27382227778434753, "4": 0.2839706242084503, "5": 0.2971906363964081, "6": 0.3023795187473297, "7": 0.2954408824443817, "8": 0.23323386907577515, "9": 0.29192596673965454, "10": 0.27501964569091797, "11": 0.31745171546936035, "12": 0.2978041470050812, "13": 0.27158427238464355, "14": 0.3316921889781952, "15": 0.2383790761232376, "16": 0.2934340536594391, "17": 0.2711922228336334, "18": 0.3242325186729431, "19": 0.22127829492092133, "20": 0.2406553328037262, "21": 0.2830285429954529, "22": 0.2797144651412964, "23": 0.2927933633327484, "24": 0.27697449922561646, "25": 0.27568066120147705, "26": 0.33280450105667114, "27": 0.3647996187210083, "28": 0.2944619953632355, "29": 0.25765499472618103, "30": 0.26367881894111633, "31": 0.3178413212299347, "32": 0.29191771149635315, "33": 0.3622402548789978, "34": 0.3240688443183899, "35": 0.2676785886287689, "36": 0.29774603247642517, "37": 0.26708969473838806, "38": 0.2833918035030365, "39": 0.2905217409133911, "40": 0.24093030393123627, "41": 0.2840728759765625, "42": 0.24974671006202698, "43": 0.2854336202144623, "44": 0.3301849663257599, "45": 0.2701472342014313, "46": 0.2735143005847931, "47": 0.30082088708877563, "48": 0.2906838655471802, "49": 0.35842910408973694, "50": 0.3618520200252533, "51": 0.26471301913261414, "52": 0.2683740556240082, "53": 0.29295971989631653, "54": 0.29123783111572266, "55": 0.33244001865386963, "56": 0.29066336154937744, "57": 0.3111385107040405, "58": 0.3590496778488159, "59": 0.37125247716903687, "60": 0.2938184440135956, "61": 0.2988933324813843, "62": 0.3318219482898712, "63": 0.2906467914581299, "64": 0.3447769284248352, "65": 0.2166597694158554, "66": 0.3254917860031128, "67": 0.31578806042671204, "68": 0.3046555817127228, "69": 0.28260695934295654, "70": 0.34996166825294495, "71": 0.311382532119751, "72": 0.3367137014865875, "73": 0.2505630552768707, "74": 0.32177284359931946, "75": 0.32567888498306274, "76": 0.2720739543437958, "77": 0.3164204955101013, "78": 0.3489275872707367, "79": 0.2848341166973114, "80": 0.24098828434944153, "81": 0.32080891728401184, "82": 0.32297563552856445, "83": 0.30514293909072876, "84": 0.31361445784568787, "85": 0.2554008364677429, "86": 0.25441980361938477, "87": 0.2920280992984772, "88": 0.2937939465045929, "89": 0.305263489484787, "90": 0.27707913517951965, "91": 0.3041725158691406, "92": 0.3440982699394226, "93": 0.316614031791687, "94": 0.3232920169830322, "95": 0.28687283396720886, "96": 0.29779940843582153, "97": 0.2874598503112793, "98": 0.3012632727622986, "99": 0.25894731283187866, "100": 0.3066541254520416, "101": 0.2804647386074066, "102": 0.24572734534740448, "103": 0.315441370010376, "104": 0.33932578563690186, "105": 0.30815255641937256, "106": 0.3213103115558624, "107": 0.3441554307937622, "108": 0.296108216047287, "109": 0.259595662355423, "110": 0.31487980484962463, "111": 0.33143168687820435, "112": 0.3172677755355835, "113": 0.33782869577407837, "114": 0.35919854044914246, "115": 0.28145626187324524, "116": 0.3060802221298218, "117": 0.3087978959083557, "118": 0.3316898047924042, "119": 0.30641329288482666, "120": 0.31901881098747253, "121": 0.2896864116191864, "122": 0.29808562994003296, "123": 0.35045477747917175, "124": 0.3355458974838257, "125": 0.29501208662986755, "126": 0.3073461651802063, "127": 0.3119417726993561, "128": 0.29018157720565796, "129": 0.2832460403442383, "130": 0.35476821660995483, "131": 0.2857428193092346, "132": 0.332553893327713, "133": 0.25740593671798706, "134": 0.3101051151752472, "135": 0.29142242670059204, "136": 0.2723875641822815, "137": 0.2830466032028198, "138": 0.33558326959609985, "139": 0.34305158257484436, "140": 0.30044862627983093, "141": 0.28218692541122437, "142": 0.3103529214859009, "143": 0.28293049335479736, "144": 0.269530326128006, "145": 0.30072516202926636, "146": 0.27967414259910583, "147": 0.3192777931690216, "148": 0.3095605969429016, "149": 0.32742446660995483, "150": 0.33296826481819153, "151": 0.33155569434165955, "152": 0.3215855360031128, "153": 0.273086816072464, "154": 0.30546316504478455, "155": 0.33189648389816284, "156": 0.36545994877815247, "157": 0.31204766035079956, "158": 0.33872485160827637, "159": 0.32813596725463867, "160": 0.3558811545372009, "161": 0.31425240635871887, "162": 0.3463761508464813, "163": 0.2641964852809906, "164": 0.3101126551628113, "165": 0.32516351342201233, "166": 0.32092294096946716, "167": 0.2730848789215088, "168": 0.36184173822402954, "169": 0.3189123272895813, "170": 0.2793564200401306, "171": 0.3316205143928528, "172": 0.32324254512786865, "173": 0.2780672609806061, "174": 0.31184232234954834, "175": 0.3437601327896118, "176": 0.293628066778183, "177": 0.3003201484680176, "178": 0.2860190272331238, "179": 0.26127520203590393, "180": 0.32792484760284424, "181": 0.31494078040122986, "182": 0.354526549577713, "183": 0.3104349970817566, "184": 0.2943403720855713, "185": 0.301150381565094, "186": 0.3700093626976013, "187": 0.3457658588886261, "188": 0.3061874806880951, "189": 0.3178999722003937, "190": 0.31935882568359375, "191": 0.29148250818252563, "192": 0.2874758541584015, "193": 0.29296931624412537, "194": 0.32300978899002075, "195": 0.3500644266605377, "196": 0.33181872963905334, "197": 0.3123045265674591, "198": 0.31815969944000244, "199": 0.29778942465782166, "200": 0.33345016837120056, "201": 0.31952792406082153, "202": 0.28287822008132935, "203": 0.3757752776145935, "204": 0.3047861158847809, "205": 0.2893904149532318, "206": 0.33418008685112, "207": 0.3136254847049713, "208": 0.3039797246456146, "209": 0.22636951506137848, "210": 0.3204593360424042, "211": 0.3637247085571289, "212": 0.3195232152938843, "213": 0.3409441113471985, "214": 0.32995712757110596, "215": 0.2785857617855072, "216": 0.34147173166275024, "217": 0.3210547864437103, "218": 0.31521207094192505, "219": 0.3210969567298889, "220": 0.28847506642341614, "221": 0.2827306389808655, "222": 0.2712685465812683, "223": 0.3299998939037323, "224": 0.31183958053588867, "225": 0.31935203075408936, "226": 0.3141081631183624, "227": 0.28787723183631897, "228": 0.31505492329597473, "229": 0.3162728548049927, "230": 0.2666187286376953, "231": 0.2773815095424652, "232": 0.3294638395309448, "233": 0.2915937304496765, "234": 0.2854004502296448, "235": 0.29063430428504944, "236": 0.3156089186668396, "237": 0.2807062268257141, "238": 0.3078330457210541, "239": 0.33688926696777344, "240": 0.3246999680995941, "241": 0.3206561505794525, "242": 0.31914088129997253, "243": 0.3130653202533722, "244": 0.30943265557289124, "245": 0.2887166440486908, "246": 0.2812671959400177, "247": 0.265619158744812, "248": 0.30657249689102173, "249": 0.2832010090351105, "250": 0.28138357400894165, "251": 0.3319270610809326, "252": 0.30766844749450684, "253": 0.34120845794677734, "254": 0.3350908160209656, "255": 0.29885926842689514, "256": 0.30954453349113464, "257": 0.3011428713798523, "258": 0.3211641013622284, "259": 0.2952410876750946, "260": 0.29990914463996887, "261": 0.3191465139389038, "262": 0.3072252869606018, "263": 0.2883698344230652, "264": 0.332529217004776, "265": 0.2828283905982971, "266": 0.32095852494239807, "267": 0.2951631247997284, "268": 0.323010116815567, "269": 0.38271212577819824, "270": 0.313875675201416, "271": 0.3273969888687134, "272": 0.3301779627799988, "273": 0.31601446866989136, "274": 0.29841557145118713, "275": 0.31882673501968384, "276": 0.30654677748680115, "277": 0.2649698555469513, "278": 0.313330739736557, "279": 0.2695411145687103, "280": 0.3470524549484253, "281": 0.3179871141910553, "282": 0.2852250337600708, "283": 0.29086416959762573, "284": 0.32693469524383545, "285": 0.2830706536769867, "286": 0.25909385085105896, "287": 0.2571435272693634, "288": 0.3161699175834656, "289": 0.28061890602111816, "290": 0.31836143136024475, "291": 0.313122421503067, "292": 0.28928449749946594, "293": 0.26006773114204407, "294": 0.33576318621635437, "295": 0.2534755766391754,