{"0": 0.32798466086387634, "1": 0.28329750895500183, "2": 0.2599785327911377, "3": 0.29498377442359924, "4": 0.29747068881988525, "5": 0.29392388463020325, "6": 0.2584149241447449, "7": 0.3020726144313812, "8": 0.26237067580223083, "9": 0.31210973858833313, "10": 0.30285143852233887, "11": 0.2923111915588379, "12": 0.2813478708267212, "13": 0.2787311375141144, "14": 0.34080246090888977, "15": 0.23997090756893158, "16": 0.2586477994918823, "17": 0.2605646252632141, "18": 0.3439093828201294, "19": 0.22949843108654022, "20": 0.21581225097179413, "21": 0.2751467227935791, "22": 0.2922033369541168, "23": 0.3127478361129761, "24": 0.29315850138664246, "25": 0.2737103998661041, "26": 0.3145337998867035, "27": 0.35127508640289307, "28": 0.27235332131385803, "29": 0.2865496277809143, "30": 0.27202078700065613, "31": 0.29574620723724365, "32": 0.2752178907394409, "33": 0.31316670775413513, "34": 0.3139088749885559, "35": 0.2807171940803528, "36": 0.29262402653694153, "37": 0.2782939076423645, "38": 0.2691822052001953, "39": 0.3070332705974579, "40": 0.2343147248029709, "41": 0.2957237660884857, "42": 0.25483623147010803, "43": 0.2861468195915222, "44": 0.3194766640663147, "45": 0.2900080382823944, "46": 0.2838769555091858, "47": 0.3127947449684143, "48": 0.28361859917640686, "49": 0.3751172125339508, "50": 0.33782488107681274, "51": 0.2732655704021454, "52": 0.23425528407096863, "53": 0.32591453194618225, "54": 0.2409396469593048, "55": 0.29755982756614685, "56": 0.2975316047668457, "57": 0.31854578852653503, "58": 0.36165741086006165, "59": 0.3749953508377075, "60": 0.3177272081375122, "61": 0.3128153681755066, "62": 0.3498377501964569, "63": 0.2612294852733612, "64": 0.3388593792915344, "65": 0.2301783710718155, "66": 0.28913894295692444, "67": 0.334725558757782, "68": 0.2918526530265808, "69": 0.28462690114974976, "70": 0.34434571862220764, "71": 0.3521538972854614, "72": 0.2784835994243622, "73": 0.25121891498565674, "74": 0.2958199381828308, "75": 0.3229749798774719, "76": 0.2678062617778778, "77": 0.34722939133644104, "78": 0.3506600260734558, "79": 0.2987854480743408, "80": 0.27927708625793457, "81": 0.35596930980682373, "82": 0.3511601686477661, "83": 0.3005952835083008, "84": 0.3389545679092407, "85": 0.2674582302570343, "86": 0.25679585337638855, "87": 0.3329456150531769, "88": 0.2878364622592926, "89": 0.3049026429653168, "90": 0.2637510299682617, "91": 0.3140089511871338, "92": 0.346843421459198, "93": 0.2974792718887329, "94": 0.33042529225349426, "95": 0.27744370698928833, "96": 0.2931240499019623, "97": 0.30056384205818176, "98": 0.3196951746940613, "99": 0.27777811884880066, "100": 0.2916579842567444, "101": 0.2889118790626526, "102": 0.23281525075435638, "103": 0.2988170385360718, "104": 0.33157965540885925, "105": 0.31512323021888733, "106": 0.3189511299133301, "107": 0.3484654128551483, "108": 0.31643640995025635, "109": 0.26666104793548584, "110": 0.36054596304893494, "111": 0.2845419645309448, "112": 0.31256943941116333, "113": 0.33609822392463684, "114": 0.37189993262290955, "115": 0.2945394515991211, "116": 0.32311806082725525, "117": 0.27385979890823364, "118": 0.3138640522956848, "119": 0.312842458486557, "120": 0.3100302219390869, "121": 0.25624385476112366, "122": 0.3314538300037384, "123": 0.36326587200164795, "124": 0.30663612484931946, "125": 0.28180524706840515, "126": 0.3025016784667969, "127": 0.35201212763786316, "128": 0.23711051046848297, "129": 0.307467520236969, "130": 0.30396899580955505, "131": 0.27829718589782715, "132": 0.3297247886657715, "133": 0.2610485553741455, "134": 0.3392254412174225, "135": 0.302086740732193, "136": 0.2844155430793762, "137": 0.30337998270988464, "138": 0.3603385090827942, "139": 0.33647623658180237, "140": 0.31312549114227295, "141": 0.33600905537605286, "142": 0.3392980694770813, "143": 0.2868621349334717, "144": 0.2877758741378784, "145": 0.32277509570121765, "146": 0.2890278697013855, "147": 0.3133586049079895, "148": 0.32933109998703003, "149": 0.34184449911117554, "150": 0.3666868209838867, "151": 0.34032881259918213, "152": 0.29462143778800964, "153": 0.2853229343891144, "154": 0.29040011763572693, "155": 0.33989575505256653, "156": 0.3415842354297638, "157": 0.33836084604263306, "158": 0.3283182382583618, "159": 0.3239186406135559, "160": 0.3592574894428253, "161": 0.29569345712661743, "162": 0.33554917573928833, "163": 0.290940523147583, "164": 0.2832905352115631, "165": 0.32149094343185425, "166": 0.32837942242622375, "167": 0.32523542642593384, "168": 0.33386534452438354, "169": 0.3051843047142029, "170": 0.27947816252708435, "171": 0.3465201258659363, "172": 0.2945631146430969, "173": 0.2916502058506012, "174": 0.29755884408950806, "175": 0.3504265546798706, "176": 0.3214651048183441, "177": 0.2798473834991455, "178": 0.28751230239868164, "179": 0.2619521915912628, "180": 0.342054545879364, "181": 0.30303624272346497, "182": 0.3658010959625244, "183": 0.3134728670120239, "184": 0.3118433654308319, "185": 0.34524160623550415, "186": 0.39072978496551514, "187": 0.3623892068862915, "188": 0.313196063041687, "189": 0.32418185472488403, "190": 0.30362680554389954, "191": 0.32699090242385864, "192": 0.2947072684764862, "193": 0.2947736978530884, "194": 0.34595316648483276, "195": 0.36070704460144043, "196": 0.31359803676605225, "197": 0.3303835988044739, "198": 0.3317210376262665, "199": 0.3053314983844757, "200": 0.3487403988838196, "201": 0.29378899931907654, "202": 0.26591697335243225, "203": 0.36875197291374207, "204": 0.34124457836151123, "205": 0.3140472173690796, "206": 0.3019024133682251, "207": 0.2794283926486969, "208": 0.3106153905391693, "209": 0.25281599164009094, "210": 0.30196481943130493, "211": 0.32221657037734985, "212": 0.3508473038673401, "213": 0.3400098979473114, "214": 0.340219110250473, "215": 0.2805670201778412, "216": 0.3131754398345947, "217": 0.3043726980686188, "218": 0.3107476830482483, "219": 0.32385513186454773, "220": 0.31460514664649963, "221": 0.3246748447418213, "222": 0.27590006589889526, "223": 0.27123066782951355, "224": 0.3252977430820465, "225": 0.3183525800704956, "226": 0.3093844950199127, "227": 0.30355507135391235, "228": 0.3256402611732483, "229": 0.2942933440208435, "230": 0.2858690321445465, "231": 0.35323432087898254, "232": 0.33724460005760193, "233": 0.2801358103752136, "234": 0.2758946120738983, "235": 0.2874959707260132, "236": 0.3203747272491455, "237": 0.27573809027671814, "238": 0.32830578088760376, "239": 0.3601965010166168, "240": 0.3517734706401825, "241": 0.33922988176345825, "242": 0.3119616210460663, "243": 0.3499656021595001, "244": 0.29829734563827515, "245": 0.30529218912124634, "246": 0.2552280128002167, "247": 0.31022346019744873, "248": 0.28735974431037903, "249": 0.33792343735694885, "250": 0.27456992864608765, "251": 0.3037436008453369, "252": 0.304120808839798, "253": 0.3421925902366638, "254": 0.3305736482143402, "255": 0.2483588010072708, "256": 0.32518017292022705, "257": 0.30799388885498047, "258": 0.24933916330337524, "259": 0.3139626681804657, "260": 0.301052987575531, "261": 0.3527672290802002, "262": 0.3163573741912842, "263": 0.29747313261032104, "264": 0.3304581344127655, "265": 0.28139421343803406, "266": 0.313591867685318, "267": 0.3150719404220581, "268": 0.2964453399181366, "269": 0.375723659992218, "270": 0.33262598514556885, "271": 0.32315170764923096, "272": 0.3755660653114319, "273": 0.2868099510669708, "274": 0.27826353907585144, "275": 0.2857555150985718, "276": 0.2986897826194763, "277": 0.30672487616539, "278": 0.3320673704147339, "279": 0.2999977171421051, "280": 0.34581002593040466, "281": 0.3268130421638489, "282": 0.26937007904052734, "283": 0.3180133104324341, "284": 0.3245338201522827, "285": 0.2417864054441452, "286": 0.26659083366394043, "287": 0.2672409117221832, "288": 0.30709004402160645, "289": 0.29085883498191833, "290": 0.3070874810218811, "291": 0.30149906873703003, "292": 0.27780789136886597, "293": 0.22618167102336884, "294": 0.31144988536834717, "295": 0.28038933873176575,