{"0": 0.30992528796195984, "1": 0.28937801718711853, "2": 0.24326099455356598, "3": 0.2754268944263458, "4": 0.2831565737724304, "5": 0.29822251200675964, "6": 0.30011501908302307, "7": 0.29840725660324097, "8": 0.23388619720935822, "9": 0.2907336950302124, "10": 0.2838831841945648, "11": 0.31568077206611633, "12": 0.3023759126663208, "13": 0.2732231318950653, "14": 0.33180439472198486, "15": 0.238703653216362, "16": 0.2823341190814972, "17": 0.2626444697380066, "18": 0.3326161801815033, "19": 0.22194117307662964, "20": 0.23840536177158356, "21": 0.28425222635269165, "22": 0.2804943323135376, "23": 0.2897363603115082, "24": 0.2783970832824707, "25": 0.27557480335235596, "26": 0.32925835251808167, "27": 0.3632097542285919, "28": 0.2855294346809387, "29": 0.2563214898109436, "30": 0.2646685242652893, "31": 0.31762558221817017, "32": 0.29626229405403137, "33": 0.35984453558921814, "34": 0.32462817430496216, "35": 0.27286818623542786, "36": 0.2964475154876709, "37": 0.2673081159591675, "38": 0.2821776866912842, "39": 0.2886575758457184, "40": 0.24037837982177734, "41": 0.2872607707977295, "42": 0.2533309757709503, "43": 0.2877069413661957, "44": 0.3326416313648224, "45": 0.283812940120697, "46": 0.27337801456451416, "47": 0.30396074056625366, "48": 0.29548802971839905, "49": 0.36586058139801025, "50": 0.3700290620326996, "51": 0.26741859316825867, "52": 0.2691341042518616, "53": 0.29542481899261475, "54": 0.2981323301792145, "55": 0.3327745497226715, "56": 0.2872379720211029, "57": 0.3164196312427521, "58": 0.3620055913925171, "59": 0.3720371127128601, "60": 0.2879326641559601, "61": 0.2961490750312805, "62": 0.33573025465011597, "63": 0.2867956757545471, "64": 0.346803218126297, "65": 0.21555306017398834, "66": 0.31650829315185547, "67": 0.3212682902812958, "68": 0.30984750390052795, "69": 0.28008389472961426, "70": 0.35014888644218445, "71": 0.3132026791572571, "72": 0.33840006589889526, "73": 0.2502323091030121, "74": 0.3271365761756897, "75": 0.3196403980255127, "76": 0.27181506156921387, "77": 0.3334478437900543, "78": 0.3478700816631317, "79": 0.29224061965942383, "80": 0.23994563519954681, "81": 0.3214761018753052, "82": 0.32269665598869324, "83": 0.3042982518672943, "84": 0.3142077922821045, "85": 0.25422242283821106, "86": 0.245936781167984, "87": 0.29911404848098755, "88": 0.29801076650619507, "89": 0.30492889881134033, "90": 0.26888278126716614, "91": 0.30101391673088074, "92": 0.3493824601173401, "93": 0.32064902782440186, "94": 0.3260640799999237, "95": 0.2853392958641052, "96": 0.2980962097644806, "97": 0.2856453061103821, "98": 0.3020048439502716, "99": 0.25732141733169556, "100": 0.3082423806190491, "101": 0.27964743971824646, "102": 0.25015759468078613, "103": 0.30338746309280396, "104": 0.33677855134010315, "105": 0.3018758296966553, "106": 0.3213549554347992, "107": 0.3372923731803894, "108": 0.2974843382835388, "109": 0.2611975073814392, "110": 0.3111255466938019, "111": 0.32078105211257935, "112": 0.3182372450828552, "113": 0.3352309763431549, "114": 0.35806509852409363, "115": 0.31219393014907837, "116": 0.3102417588233948, "117": 0.3086946904659271, "118": 0.33065110445022583, "119": 0.3075326979160309, "120": 0.3167218267917633, "121": 0.2876781225204468, "122": 0.2920639216899872, "123": 0.3591126501560211, "124": 0.3336312174797058, "125": 0.30827903747558594, "126": 0.30065515637397766, "127": 0.33611181378364563, "128": 0.28760606050491333, "129": 0.28327369689941406, "130": 0.35873597860336304, "131": 0.2903707027435303, "132": 0.33028876781463623, "133": 0.25964266061782837, "134": 0.3117661476135254, "135": 0.28977301716804504, "136": 0.29109814763069153, "137": 0.28282874822616577, "138": 0.33733323216438293, "139": 0.3422277569770813, "140": 0.2960020899772644, "141": 0.3065899908542633, "142": 0.31201305985450745, "143": 0.29735100269317627, "144": 0.2897445559501648, "145": 0.3035987317562103, "146": 0.27535495162010193, "147": 0.3202197849750519, "148": 0.30611616373062134, "149": 0.3267005681991577, "150": 0.3307931423187256, "151": 0.3343766927719116, "152": 0.31935614347457886, "153": 0.2745303213596344, "154": 0.2874349355697632, "155": 0.3007982075214386, "156": 0.36722490191459656, "157": 0.3111431896686554, "158": 0.3362307846546173, "159": 0.32701581716537476, "160": 0.3563487231731415, "161": 0.31158211827278137, "162": 0.3464897572994232, "163": 0.26324063539505005, "164": 0.3146345913410187, "165": 0.3360985219478607, "166": 0.3457687199115753, "167": 0.2746897339820862, "168": 0.3649132251739502, "169": 0.31588512659072876, "170": 0.28394269943237305, "171": 0.3239724040031433, "172": 0.3160514533519745, "173": 0.27783045172691345, "174": 0.30910301208496094, "175": 0.33313173055648804, "176": 0.29114681482315063, "177": 0.2980354130268097, "178": 0.28545084595680237, "179": 0.2634855806827545, "180": 0.32770782709121704, "181": 0.3175574541091919, "182": 0.3473985493183136, "183": 0.310403048992157, "184": 0.2926000952720642, "185": 0.3109998106956482, "186": 0.3614705502986908, "187": 0.3510224521160126, "188": 0.30707424879074097, "189": 0.31682777404785156, "190": 0.31478363275527954, "191": 0.2942264974117279, "192": 0.2888478934764862, "193": 0.2925204038619995, "194": 0.3254566788673401, "195": 0.3541260063648224, "196": 0.3342162072658539, "197": 0.3123020529747009, "198": 0.31997156143188477, "199": 0.2990112006664276, "200": 0.33266448974609375, "201": 0.31637775897979736, "202": 0.25789618492126465, "203": 0.3819180727005005, "204": 0.2983219623565674, "205": 0.2904849350452423, "206": 0.3360678553581238, "207": 0.3317544162273407, "208": 0.30611708760261536, "209": 0.23118937015533447, "210": 0.3371431827545166, "211": 0.371940553188324, "212": 0.32051533460617065, "213": 0.33427193760871887, "214": 0.32211557030677795, "215": 0.25888514518737793, "216": 0.3491523861885071, "217": 0.3168576657772064, "218": 0.3093758821487427, "219": 0.31556835770606995, "220": 0.31536203622817993, "221": 0.29386940598487854, "222": 0.28745535016059875, "223": 0.3338930010795593, "224": 0.31444138288497925, "225": 0.3170109987258911, "226": 0.3131864666938782, "227": 0.29162341356277466, "228": 0.3168911337852478, "229": 0.3229159116744995, "230": 0.2617742121219635, "231": 0.27368083596229553, "232": 0.3313382565975189, "233": 0.2932053804397583, "234": 0.2901061475276947, "235": 0.29116109013557434, "236": 0.3306548595428467, "237": 0.2824907898902893, "238": 0.3056827187538147, "239": 0.3354569673538208, "240": 0.3203875720500946, "241": 0.3242962658405304, "242": 0.31694263219833374, "243": 0.30792611837387085, "244": 0.3111705482006073, "245": 0.28682056069374084, "246": 0.27112191915512085, "247": 0.2619820833206177, "248": 0.3053988814353943, "249": 0.29253774881362915, "250": 0.2878129482269287, "251": 0.32677048444747925, "252": 0.30868083238601685, "253": 0.34371453523635864, "254": 0.32534509897232056, "255": 0.29403212666511536, "256": 0.31309133768081665, "257": 0.2953757047653198, "258": 0.32284465432167053, "259": 0.2964176535606384, "260": 0.3028542697429657, "261": 0.3142890930175781, "262": 0.3064737021923065, "263": 0.29045218229293823, "264": 0.33313116431236267, "265": 0.2839592695236206, "266": 0.31541532278060913, "267": 0.2887333035469055, "268": 0.3228573203086853, "269": 0.38319507241249084, "270": 0.3149751126766205, "271": 0.33901435136795044, "272": 0.33514121174812317, "273": 0.3195151388645172, "274": 0.3113974928855896, "275": 0.3202499747276306, "276": 0.2880583703517914, "277": 0.2527925968170166, "278": 0.31467974185943604, "279": 0.2826753854751587, "280": 0.34393733739852905, "281": 0.31856343150138855, "282": 0.2839325964450836, "283": 0.29527899622917175, "284": 0.32629284262657166, "285": 0.2852989435195923, "286": 0.2598489820957184, "287": 0.2591750919818878, "288": 0.29474297165870667, "289": 0.2877208888530731, "290": 0.3115949034690857, "291": 0.31473585963249207, "292": 0.2876890003681183, "293": 0.26263850927352905, "294": 0.3212168216705322,